{
    "model_type": "Ridge",
    "alpha": 0.01,
    "mae": 78.20141763272007,
    "rmse": 96.68621368691217,
    "mape": 12.907117336344337,
    "mean_monthly_energy": 780.1423907407407
}